cycle,mtime_q,mtimecmp0_q_low,mtimecmp0_q_high,timer0_expired,intr_state_0,intr_enable_0,intr_o_0,tl_is_write,tl_addr,tl_wdata,prescale_cnt_q,prescaler_q
100,0x00000064,0x00000000,0x00000000,1,1,1,1,0,0x00000000,0x00000000,0x000,0x000
101,0x00000065,0x00000000,0x00000000,1,1,1,1,0,0x00000000,0x00000000,0x000,0x000
102,0x00000066,0x00000000,0x00000000,1,1,1,1,0,0x00000000,0x00000000,0x000,0x000
103,0x00000067,0x00000000,0x00000000,1,1,1,1,0,0x00000000,0x00000000,0x000,0x000
104,0x00000068,0x00000000,0x00000000,1,1,1,1,0,0x00000000,0x00000000,0x000,0x000
105,0x00000069,0x00000000,0x00000000,1,1,1,1,0,0x00000000,0x00000000,0x000,0x000
106,0x0000006A,0x00000000,0x00000000,1,1,1,1,0,0x00000000,0x00000000,0x000,0x000
107,0x0000006B,0x00000000,0x00000000,1,1,1,1,0,0x00000000,0x00000000,0x000,0x000
108,0x0000006C,0x00000000,0x00000000,1,1,1,1,0,0x00000000,0x00000000,0x000,0x000
109,0x0000006D,0x00000000,0x00000000,1,1,1,1,0,0x00000000,0x00000000,0x000,0x000
110,0x0000006E,0x00000000,0x00000000,1,1,1,1,0,0x00000000,0x00000000,0x000,0x000
111,0x0000006F,0x00000000,0x00000000,1,1,1,1,1,0x00000030,0x00000001,0x000,0x000
112,0x00000070,0x00000000,0x00000000,1,0,1,0,0,0x00000000,0x00000000,0x000,0x000
113,0x00000071,0x00000000,0x00000000,1,1,1,1,0,0x00000000,0x00000000,0x000,0x000
114,0x00000072,0x00000000,0x00000000,1,1,1,1,0,0x00000000,0x00000000,0x000,0x000
115,0x00000073,0x00000000,0x00000000,1,1,1,1,0,0x00000000,0x00000000,0x000,0x000
116,0x00000074,0x00000000,0x00000000,1,1,1,1,0,0x00000000,0x00000000,0x000,0x000
117,0x00000075,0x00000000,0x00000000,1,1,1,1,0,0x00000000,0x00000000,0x000,0x000
118,0x00000076,0x00000000,0x00000000,1,1,1,1,0,0x00000000,0x00000000,0x000,0x000
119,0x00000077,0x00000000,0x00000000,1,1,1,1,0,0x00000000,0x00000000,0x000,0x000
120,0x00000078,0x00000000,0x00000000,1,1,1,1,0,0x00000000,0x00000000,0x000,0x000
121,0x00000079,0x00000000,0x00000000,1,1,1,1,0,0x00000000,0x00000000,0x000,0x000
122,0x0000007A,0x00000000,0x00000000,1,1,1,1,0,0x00000000,0x00000000,0x000,0x000
123,0x0000007B,0x00000000,0x00000000,1,1,1,1,0,0x00000000,0x00000000,0x000,0x000
124,0x0000007C,0x00000000,0x00000000,1,1,1,1,0,0x00000000,0x00000000,0x000,0x000
125,0x0000007D,0x00000000,0x00000000,1,1,1,1,0,0x00000000,0x00000000,0x000,0x000
126,0x0000007E,0x00000000,0x00000000,1,1,1,1,0,0x00000000,0x00000000,0x000,0x000
127,0x0000007F,0x00000000,0x00000000,1,1,1,1,0,0x00000000,0x00000000,0x000,0x000
128,0x00000080,0x00000000,0x00000000,1,1,1,1,0,0x00000000,0x00000000,0x000,0x000
129,0x00000081,0x00000000,0x00000000,1,1,1,1,0,0x00000000,0x00000000,0x000,0x000
130,0x00000082,0x00000000,0x00000000,1,1,1,1,0,0x00000000,0x00000000,0x000,0x000
131,0x00000083,0x00000000,0x00000000,1,1,1,1,0,0x00000000,0x00000000,0x000,0x000
132,0x00000084,0x00000000,0x00000000,1,1,1,1,0,0x00000000,0x00000000,0x000,0x000
133,0x00000085,0x00000000,0x00000000,1,1,1,1,0,0x00000000,0x00000000,0x000,0x000
134,0x00000086,0x00000000,0x00000000,1,1,1,1,0,0x00000000,0x00000000,0x000,0x000
135,0x00000087,0x00000000,0x00000000,1,1,1,1,0,0x00000000,0x00000000,0x000,0x000
136,0x00000088,0x00000000,0x00000000,1,1,1,1,0,0x00000000,0x00000000,0x000,0x000
137,0x00000089,0x00000000,0x00000000,1,1,1,1,0,0x00000000,0x00000000,0x000,0x000
138,0x0000008A,0x00000000,0x00000000,1,1,1,1,0,0x00000000,0x00000000,0x000,0x000
139,0x0000008B,0x00000000,0x00000000,1,1,1,1,0,0x00000000,0x00000000,0x000,0x000
140,0x0000008C,0x00000000,0x00000000,1,1,1,1,0,0x00000000,0x00000000,0x000,0x000
141,0x0000008D,0x00000000,0x00000000,1,1,1,1,0,0x00000000,0x00000000,0x000,0x000
142,0x0000008E,0x00000000,0x00000000,1,1,1,1,1,0x00000008,0x00000050,0x000,0x000
143,0x0000008F,0x00000050,0x00000000,1,1,1,1,0,0x00000000,0x00000000,0x000,0x000
144,0x00000090,0x00000050,0x00000000,1,1,1,1,0,0x00000000,0x00000000,0x000,0x000
145,0x00000091,0x00000050,0x00000000,1,1,1,1,0,0x00000000,0x00000000,0x000,0x000
146,0x00000092,0x00000050,0x00000000,1,1,1,1,0,0x00000000,0x00000000,0x000,0x000
147,0x00000093,0x00000050,0x00000000,1,1,1,1,0,0x00000000,0x00000000,0x000,0x000
148,0x00000094,0x00000050,0x00000000,1,1,1,1,0,0x00000000,0x00000000,0x000,0x000
149,0x00000095,0x00000050,0x00000000,1,1,1,1,0,0x00000000,0x00000000,0x000,0x000
150,0x00000096,0x00000050,0x00000000,1,1,1,1,1,0x0000000C,0x00000001,0x000,0x000
151,0x00000097,0x00000050,0x00000001,0,1,1,1,0,0x00000000,0x00000000,0x000,0x000
152,0x00000098,0x00000050,0x00000001,0,1,1,1,0,0x00000000,0x00000000,0x000,0x000
153,0x00000099,0x00000050,0x00000001,0,1,1,1,0,0x00000000,0x00000000,0x000,0x000
154,0x0000009A,0x00000050,0x00000001,0,1,1,1,0,0x00000000,0x00000000,0x000,0x000
155,0x0000009B,0x00000050,0x00000001,0,1,1,1,0,0x00000000,0x00000000,0x000,0x000
156,0x0000009C,0x00000050,0x00000001,0,1,1,1,0,0x00000000,0x00000000,0x000,0x000
157,0x0000009D,0x00000050,0x00000001,0,1,1,1,0,0x00000000,0x00000000,0x000,0x000
158,0x0000009E,0x00000050,0x00000001,0,1,1,1,0,0x00000000,0x00000000,0x000,0x000
159,0x0000009F,0x00000050,0x00000001,0,1,1,1,1,0x00000030,0x00000001,0x000,0x000
160,0x000000A0,0x00000050,0x00000001,0,0,1,0,0,0x00000000,0x00000000,0x000,0x000
161,0x000000A1,0x00000050,0x00000001,0,0,1,0,0,0x00000000,0x00000000,0x000,0x000
162,0x000000A2,0x00000050,0x00000001,0,0,1,0,0,0x00000000,0x00000000,0x000,0x000
163,0x000000A3,0x00000050,0x00000001,0,0,1,0,0,0x00000000,0x00000000,0x000,0x000
164,0x000000A4,0x00000050,0x00000001,0,0,1,0,0,0x00000000,0x00000000,0x000,0x000
165,0x000000A5,0x00000050,0x00000001,0,0,1,0,0,0x00000000,0x00000000,0x000,0x000
166,0x000000A6,0x00000050,0x00000001,0,0,1,0,0,0x00000000,0x00000000,0x000,0x000
167,0x000000A7,0x00000050,0x00000001,0,0,1,0,0,0x00000000,0x00000000,0x000,0x000
168,0x000000A8,0x00000050,0x00000001,0,0,1,0,0,0x00000000,0x00000000,0x000,0x000
169,0x000000A9,0x00000050,0x00000001,0,0,1,0,0,0x00000000,0x00000000,0x000,0x000
170,0x000000AA,0x00000050,0x00000001,0,0,1,0,0,0x00000000,0x00000000,0x000,0x000
